Code,Structures,ADRESSE,
3501,CLINIQUE AL SALAM,CITE FRANTZ FANON FRONT DE MER N04 BOUMERDES TEL: 0560.76.22.47,
3502,CLINIQUE EL HILAL,RN N°24 LARBAATACHE BOUMERDES TEL : (024) 93.29.29,
3503,SARL CLINIQUE NOUR EL DOUNIA,CITE 70 LOGTS N°04 OUED CORSO BOUMERDES,
3504,CLINIQUE MEDICO CHIRURGICALE EL MAWLOUD,ROUTE OUED CORSO BOUMERDES,
3505,CLINIQUE EL BASSIRA,CITE EL MARDJA LOT 970 SECTION 05 BOUDOUAOU TEL: (024)74.39.51,
3506,CENTRE D IMAGERIE CHIKH M Y,CITE 1200 LOGEMENTS BT 59 B1 BOUMERDES TEL: (024)79.31.83,
3507,CENTRE D IMAGERIE Dr.NOUR,RESIDENCE BELAID BT D RDC AIN ABDELLAH BOUMERES TEL: (024)91.19.11,
3508,SARL EL CHARAINE,RUE AMARA RACHID BORDJ MENAIEL BOUMERDES TEL: 0550.88.68.80,
3509,EURL CENTRE DE RADIOLOGIE DIAGNOSTIQUE ET INTERVENTIONNELLE,CITE CNEP/APC Bt 09 OULED MOUSSA BOUMERDES TEL:(024) 91.79.17,
3510,CENTRE D IMAGERIE MEDICALE BOUDOUAOU,47 RUE DES FRERES BEROUAKENE BOUDOUAOU BOUMERDES TEL: (024)74.16.34,
1501,HOPITAL Dr.MAHMOUDI,01 BOULEVARD KRIM BELKACEM NOUVELLE VILLE TIZI OUZOU,
1502,CENTRE D IMAGERIE Dr.MAHMOUDI,5 RUE DES FRERES BELHADJ NOUVELLE VILLE TIZI OUZOU TEL: (026)11.23.77,
1503,CLINIQUE EL DJOUHER,ZHUN SUD QUARTIER B ILOT 12 N08 NOUVELLE VILLE TIZI OUZOU TEL: (026)18.20.06,
1504,SARL CLINIQUE SLIMANA,QUARTIER A ZHUN SUD N44 NOUVELLE VILLE TIZI OUZOU TEL: (026)11.54.40/(026)11.26.30/(026)11.68.68,
1505,CLINIQUE LA COLOMBE,LOTISSEMENT TOUARES 2 DRAA BEN KHEDA TIZI OUZOU TEL : (026)43.32.22,
1506,SNC CLINIQUE KHATI Idir,54 AVENUE ABAN RAMDANE TIZI OUZOU TEL : (026)12.86.26,
1507,CLINIQUE TAYEB,LOT RUE DOUADI ABDERRAHMANE LARBAA NATH IRATHEN TIZI OUZOU TEL: (026)49.35.33,
1508,CLINIQUE NORD AFRIQUE,CITE 50 VILLA BOUGHNI TIZI OUZOU TEL : (026).38.45.64,
1509,EURL EHP BALOUL ABDELAZIZ,LOTISSEMENT HASSNAOUA E1 TIZI OUZOU,
1510,CENTRE D IMAGERIE Dr YAKER,CITE MOHAMED BOUDIAF NOUVELLE VILLE TIZI OUZOU TEL: (026)11.32.89,
1511,EURL CEIM TIZI OUZOU AMANI,LOCAL N02 B IMMEUBLE ABDELLI PLACE 01 NOVEMBRE TIZI OUZOU TEL: (026)10.38.45,
1512,CENTRE D IMAGERIE Dr BOUAZIZ M.,CITE CHABA DRAA BEN KHEDDA TIZI OUZOU TEL: (026).27.29.38,
1513,CLINIQUE FARRAH,LOTISSEMENT HAMMOUTENE N07 TIZI OUZOU TEL : (026)19.52.44,
1001,CLINIQUE L HIRONDELLE,CITE 1100 LOGEMENTS BOUIRA TEL: (026)73.68.74,
1002,CENTRE D IMAGERIE KHELFANE & CIE,LOTISSEMENT 11 LOTS COMMERCIAL N04 BOUIRA TEL: (026)73.66.34,
1003,SARL SOMEDCHI ETABLISSEMENT HOSPITALIER PRIVE AVICENNE ,NOUVEAU BOULEVARD N02 BOUIRA TEL: (026)73.51.36,
1004,SARL CLINIQUE CENTRALE DE BOUIRA,"CITE MOHAMED ARAB ZEMMOUR, BOUIRA",
1005,CABINET DE RADIOLOGIE DR TERKMANI NADIR,RUE 05 JUILLET LOT N°09 LAKHDARIA BOUIRA,